{"stats":{"minecraft:picked_up":{"minecraft:sand":9,"minecraft:dirt":1},"minecraft:custom":{"minecraft:jump":313,"minecraft:time_since_rest":2819,"minecraft:damage_dealt":246,"minecraft:damage_taken":294,"minecraft:crouch_one_cm":697,"minecraft:leave_game":2,"minecraft:play_time":6318,"minecraft:sprint_one_cm":20822,"minecraft:time_since_death":2785,"minecraft:walk_one_cm":6994,"minecraft:deaths":1,"minecraft:sneak_time":280,"minecraft:total_world_time":6318,"minecraft:fly_one_cm":72280,"minecraft:fall_one_cm":8740,"minecraft:player_kills":1},"minecraft:used":{"minecraft:dirt":1,"minecraft:sand":9},"minecraft:mined":{"minecraft:grass":1,"minecraft:oak_leaves":2,"minecraft:sand":9,"minecraft:dirt":1}},"DataVersion":3465}