{"stats":{"minecraft:picked_up":{"minecraft:sand":13,"minecraft:birch_planks":1},"minecraft:custom":{"minecraft:jump":119,"minecraft:open_chest":1,"minecraft:time_since_rest":3618,"minecraft:crouch_one_cm":30,"minecraft:damage_dealt":204,"minecraft:deaths":1,"minecraft:sprint_one_cm":11824,"minecraft:play_time":4731,"minecraft:damage_taken":248,"minecraft:time_since_death":3592,"minecraft:walk_one_cm":5271,"minecraft:sneak_time":100,"minecraft:total_world_time":4731,"minecraft:fall_one_cm":3564,"minecraft:fly_one_cm":141325,"minecraft:leave_game":1},"minecraft:used":{"minecraft:sand":6},"minecraft:mined":{"minecraft:grass":1,"minecraft:sand":13,"minecraft:birch_planks":1},"minecraft:killed_by":{"minecraft:player":1}},"DataVersion":3465}